Packet ID,Hops,End-to-end Delay
1702,2,0.03031700000000015
1741,2,0.08104299999999975
2056,2,0.0794769999999998
393,2,0.08104299999999998
1125,2,0.08104299999999975
966,1,0.014000000000000012
385,1,0.014000000000000012
785,1,0.014000000000000012
556,1,0.014000000000000012
1202,2,0.0794100000000002
1876,2,0.0794100000000002
1588,2,0.07940999999999976
1839,2,0.0810430000000002
1089,2,0.030316999999999927
2494,3,0.0411999999999999
2001,1,0.01399999999999979
314,2,0.030316999999999927
1359,3,0.08343400000000001
1556,2,0.03031700000000015
1577,1,0.014000000000000234
729,3,0.08362599999999998
885,3,0.08311399999999991
1978,2,0.08104400000000034
1352,1,0.01399999999999979
330,1,0.014000000000000012
1937,2,0.08104299999999975
1748,2,0.0794769999999998
1483,2,0.0810430000000002
518,2,0.07940999999999998
843,2,0.08104299999999998
2250,2,0.030316999999999705
2223,2,0.03031600000000001
1781,2,0.0810430000000002
112,2,0.062828
2349,1,0.01399999999999979
161,2,0.03031700000000004
896,2,0.030316999999999927
17,1,0.013999999999999999
1436,2,0.08104400000000034
1655,1,0.01399999999999979
346,2,0.077843
668,1,0.014000000000000012
2063,2,0.0810430000000002
2105,2,0.03031700000000015
250,1,0.014000000000000012
533,2,0.03031600000000001
760,2,0.030316999999999927
2369,2,0.03031600000000001
2219,3,0.08394600000000008
537,2,0.030316999999999927
2098,2,0.03031700000000015
1047,2,0.08104299999999998
469,2,0.03031600000000001
583,2,0.08104299999999998
555,2,0.08104299999999998
1151,2,0.08104299999999975
695,3,0.08394600000000008
203,1,0.014000000000000012
254,2,0.03031700000000004
1219,2,0.0810430000000002
709,3,0.08285799999999988
230,1,0.014000000000000012
27,1,0.013999999999999999
714,3,0.08138599999999996
645,2,0.03031600000000001
923,2,0.03031600000000001
1552,1,0.014000000000000234
1724,2,0.08104400000000034
1492,2,0.030316999999999705
2480,3,0.0411999999999999
1401,1,0.01399999999999979
623,2,0.08104299999999998
2299,1,0.01399999999999979
1531,2,0.0810430000000002
2441,1,0.013999999999999346
146,2,0.03031600000000001
222,3,0.07549800000000007
983,3,0.08362599999999998
2309,1,0.01399999999999979
2354,2,0.0794769999999998
301,1,0.014000000000000012
43,2,0.043184
234,2,0.07498199999999994
2416,3,0.0411999999999999
1315,3,0.08336999999999994
74,2,0.05512800000000001
759,2,0.08104299999999998
2269,2,0.0810430000000002
1336,2,0.03031700000000015
1109,2,0.03031600000000001
660,3,0.08093799999999995
286,2,0.07784400000000002
1023,2,0.08104299999999998
72,2,0.05512800000000001
308,3,0.080426
1209,2,0.0810430000000002
1158,2,0.07940999999999976
1021,2,0.03031600000000001
1900,2,0.0810439999999999
512,1,0.014000000000000012
255,2,0.07627699999999993
707,1,0.014000000000000012
1453,2,0.0810430000000002
2094,2,0.03031700000000015
1981,2,0.08104299999999975
855,2,0.03031600000000001
1877,3,0.08381799999999995
2492,3,0.0411999999999999
2148,1,0.014000000000000234
458,1,0.014000000000000012
1677,2,0.0810430000000002
1489,1,0.014000000000000234
1276,3,0.08183400000000018
2145,2,0.03031600000000001
77,1,0.014000000000000012
1152,1,0.014000000000000012
741,1,0.014000000000000012
2483,1,0.014000000000000234
44,2,0.04807800000000001
1429,2,0.08104299999999975
95,1,0.014000000000000012
821,2,0.030315999999999788
415,2,0.03031600000000001
2157,2,0.0810430000000002
551,1,0.014000000000000012
1062,2,0.030316999999999927
2509,1,0.014000000000000234
1162,2,0.07947700000000024
1283,1,0.014000000000000234
929,3,0.0831780000000002
886,2,0.03031700000000015
1933,1,0.01399999999999979
1607,2,0.03031600000000001
1465,2,0.030316999999999705
2122,2,0.03031700000000015
677,2,0.08104299999999998
2151,2,0.08104299999999975
58,2,0.03031600000000001
2322,2,0.03031700000000015
288,3,0.079658
289,2,0.077843
549,2,0.08104299999999998
576,2,0.07947700000000002
1443,2,0.0810430000000002
1420,1,0.01399999999999979
1964,2,0.07940999999999976
199,1,0.014000000000000012
661,2,0.08104299999999998
332,2,0.07941000000000009
1117,1,0.014000000000000012
1044,1,0.014000000000000012
1814,2,0.03031700000000015
1574,3,0.08189800000000025
1608,3,0.08157799999999993
1688,2,0.030316999999999705
2329,1,0.01399999999999979
2266,2,0.07947700000000024
1145,2,0.0810430000000002
1947,2,0.0810430000000002
2348,2,0.03031700000000015
2385,2,0.03031600000000001
302,2,0.07784399999999991
2013,2,0.03031600000000001
1148,2,0.08104400000000012
2051,1,0.01399999999999979
341,2,0.03031600000000001
240,2,0.07505000000000006
46,3,0.046082999999999985
2160,3,0.08164199999999999
2215,2,0.08104299999999975
453,1,0.014000000000000012
1625,1,0.01399999999999979
189,1,0.014000000000000012
943,2,0.03031600000000001
2353,1,0.01399999999999979
2055,1,0.01399999999999979
2159,2,0.03031600000000001
34,3,0.04119999999999999
2011,1,0.01399999999999979
553,3,0.08336999999999994
797,3,0.082986
1635,1,0.01399999999999979
1358,2,0.0810439999999999
1957,1,0.01399999999999979
2358,1,0.01399999999999979
603,2,0.08104299999999998
2173,1,0.014000000000000234
2403,3,0.051434000000000424
392,3,0.08202600000000004
666,2,0.03031700000000015
468,1,0.014000000000000012
1471,3,0.08285800000000032
215,1,0.014000000000000012
1736,2,0.030316999999999705
1739,2,0.03031600000000001
93,3,0.041200000000000014
1941,2,0.0810430000000002
503,2,0.03031600000000001
1528,1,0.014000000000000234
2153,1,0.014000000000000234
1585,2,0.0810430000000002
1154,3,0.08202600000000038
2103,2,0.08104299999999975
1717,2,0.0810430000000002
219,1,0.014000000000000012
726,2,0.03031700000000015
2025,2,0.0810430000000002
426,3,0.08170599999999995
1132,1,0.014000000000000012
1908,2,0.03031700000000015
1898,2,0.03031700000000015
1412,2,0.07940999999999976
1078,2,0.030316999999999927
2031,1,0.01399999999999979
2168,1,0.014000000000000234
1800,2,0.030316999999999705
772,2,0.0794100000000002
1128,2,0.08104400000000012
1482,2,0.03031700000000015
1746,2,0.030316999999999705
394,2,0.03031700000000004
2217,1,0.01399999999999979
1605,2,0.0810430000000002
2042,2,0.0794100000000002
2134,2,0.07947700000000024
951,1,0.014000000000000012
2069,2,0.0810430000000002
127,1,0.013999999999999957
2203,2,0.03031600000000001
1448,2,0.03031700000000015
1157,1,0.014000000000000234
2187,1,0.014000000000000234
2071,2,0.03031600000000001
1101,2,0.08104299999999998
2517,1,0.014000000000000234
577,2,0.03031600000000001
671,2,0.08104299999999998
373,2,0.08104299999999998
864,2,0.07947700000000002
1973,2,0.03031700000000015
1194,2,0.030316999999999705
2335,2,0.03031600000000001
1865,1,0.014000000000000234
1459,1,0.014000000000000234
2458,3,0.0411999999999999
1878,2,0.03031700000000015
1368,2,0.0794100000000002
447,2,0.08104299999999998
1903,2,0.0810430000000002
1994,3,0.08176999999999968
2325,2,0.03031600000000001
1988,2,0.0810439999999999
1784,3,0.08183400000000018
2364,2,0.0810439999999999
305,1,0.014000000000000012
628,2,0.03031700000000015
113,1,0.014000000000000012
1869,2,0.08104299999999975
631,3,0.08311400000000013
2099,1,0.014000000000000234
2498,3,0.0411999999999999
2525,1,0.014000000000000234
572,2,0.07940999999999998
2423,1,0.013999999999999346
178,1,0.014000000000000012
2472,3,0.0411999999999999
1570,2,0.03031700000000015
408,2,0.030316999999999927
1575,2,0.0810430000000002
569,2,0.08104299999999998
644,1,0.014000000000000012
1572,1,0.014000000000000234
1338,2,0.0794769999999998
1180,2,0.03031700000000015
66,2,0.045407
1199,2,0.08104299999999975
414,1,0.014000000000000012
1086,3,0.08266600000000013
592,3,0.08157799999999993
907,1,0.014000000000000012
2201,2,0.0810430000000002
221,2,0.073214
1700,2,0.0794100000000002
123,1,0.014000000000000012
1539,2,0.03031600000000001
1550,3,0.08260200000000006
2085,1,0.014000000000000234
367,3,0.08273000000000008
655,2,0.03031600000000001
2285,1,0.01399999999999979
1680,2,0.0810439999999999
223,2,0.030316000000000065
173,1,0.013999999999999957
388,2,0.030316999999999927
2515,1,0.014000000000000234
471,2,0.08104299999999998
2392,2,0.03031600000000001
857,2,0.08104299999999998
1787,1,0.014000000000000234
1366,2,0.03031700000000015
751,1,0.014000000000000012
333,3,0.08304999999999996
2060,1,0.01399999999999979
504,3,0.08145000000000002
939,3,0.08356200000000014
359,2,0.07947700000000002
1106,2,0.03031700000000015
1484,1,0.014000000000000234
2229,2,0.0810430000000002
406,3,0.08093799999999995
761,1,0.014000000000000012
277,2,0.03031700000000004
1124,3,0.08087399999999989
619,1,0.014000000000000012
1437,3,0.08317799999999975
870,3,0.08087399999999989
1370,2,0.030316999999999705
2378,2,0.03031600000000001
1765,2,0.0810430000000002
395,1,0.014000000000000012
1796,2,0.03031700000000015
2109,1,0.014000000000000234
2409,2,0.03031600000000001
654,2,0.0794769999999998
1226,2,0.0810439999999999
1494,2,0.0794769999999998
2040,2,0.03031700000000015
2432,3,0.0411999999999999
973,3,0.08324200000000004
464,2,0.081044
530,2,0.03031700000000004
2074,2,0.03031700000000015
319,2,0.07947700000000002
505,2,0.08104299999999987
1737,2,0.08104299999999975
142,2,0.03031600000000001
747,2,0.030316999999999927
1333,1,0.01399999999999979
1701,3,0.08356199999999969
1189,2,0.08104299999999975
1140,2,0.03031700000000015
525,2,0.08104300000000009
1409,2,0.0810430000000002
2445,1,0.013999999999999346
140,2,0.05662600000000001
1043,2,0.08104299999999998
2487,1,0.014000000000000234
2257,2,0.03031600000000001
1134,3,0.08125799999999983
2133,1,0.014000000000000234
1620,2,0.03031700000000015
2038,3,0.08183399999999974
558,3,0.08189800000000003
157,2,0.030316999999999983
840,2,0.08104400000000012
1392,2,0.0810439999999999
2435,1,0.013999999999999346
2226,1,0.01399999999999979
210,2,0.03031600000000001
1966,2,0.03031700000000015
103,2,0.04807899999999998
1469,1,0.014000000000000234
1615,2,0.08104299999999975
2244,2,0.03031700000000015
554,2,0.03031700000000015
1072,2,0.03031700000000015
1833,3,0.08375400000000033
2438,3,0.0411999999999999
935,2,0.08104299999999998
1245,1,0.014000000000000234
193,1,0.014000000000000012
679,2,0.03031600000000001
773,3,0.08369000000000004
1150,2,0.03031700000000015
1347,1,0.01399999999999979
1698,2,0.030316999999999705
1323,1,0.01399999999999979
2138,2,0.030316999999999705
1785,2,0.08104299999999975
930,2,0.030316999999999927
1296,3,0.08260200000000006
746,1,0.014000000000000012
1537,1,0.014000000000000234
1779,3,0.08330600000000032
175,3,0.072106
1237,3,0.0836260000000002
1826,1,0.014000000000000234
1886,3,0.08087400000000011
1383,2,0.03031600000000001
796,2,0.08104400000000012
1853,2,0.08104299999999975
1882,3,0.08234600000000025
110,3,0.057962000000000014
1972,1,0.01399999999999979
1462,3,0.08247400000000038
1587,1,0.014000000000000234
1223,2,0.0810430000000002
1980,2,0.030316999999999705
2205,2,0.08104299999999975
1085,2,0.03031600000000001
795,1,0.014000000000000012
2401,1,0.013999999999999346
945,2,0.08104299999999998
1213,2,0.0810430000000002
2126,3,0.08196200000000031
1339,2,0.03031600000000001
1864,2,0.03031700000000015
172,2,0.071241
932,1,0.014000000000000012
323,3,0.08266600000000002
1693,2,0.08104299999999975
1198,3,0.08209
262,2,0.07621
2073,2,0.0810430000000002
207,2,0.030316999999999983
2208,2,0.07940999999999976
2106,3,0.08119399999999999
63,1,0.014000000000000012
2189,3,0.08279400000000026
2163,1,0.014000000000000234
1053,2,0.08104299999999998
1533,1,0.014000000000000234
1848,3,0.08266600000000013
914,3,0.08093799999999995
924,3,0.08132200000000012
711,2,0.08104299999999998
1006,2,0.0810439999999999
788,3,0.08260200000000006
195,2,0.068243
310,2,0.03031600000000001
2521,1,0.014000000000000234
1991,2,0.08104299999999975
506,2,0.030316999999999927
1548,2,0.07947700000000024
187,2,0.07178200000000001
495,2,0.08104299999999998
1945,3,0.08317799999999975
2327,2,0.08104299999999975
1299,2,0.03031700000000015
1844,2,0.03031700000000015
2326,3,0.08151399999999986
2032,2,0.0810439999999999
1175,2,0.0810430000000002
1470,2,0.0810439999999999
1332,2,0.030316999999999705
24,3,0.04119999999999999
1292,2,0.03031700000000015
766,1,0.01399999999999979
1404,2,0.03031700000000015
2318,2,0.03031700000000015
1102,2,0.030316999999999927
1449,1,0.01399999999999979
2114,1,0.014000000000000234
2066,2,0.0810439999999999
899,2,0.03031600000000001
1362,1,0.01399999999999979
2210,2,0.03031700000000015
201,3,0.07140200000000002
1685,2,0.03031600000000001
687,1,0.014000000000000012
1052,2,0.030316999999999927
50,3,0.041200000000000014
2135,2,0.03031600000000001
2351,3,0.08413799999999982
2469,1,0.014000000000000234
1236,2,0.07940999999999976
2346,3,0.08228199999999974
285,1,0.014000000000000012
522,2,0.07947699999999991
629,1,0.014000000000000012
1840,2,0.03031700000000015
51,1,0.014000000000000012
2380,2,0.03031700000000015
911,2,0.08104299999999998
168,2,0.071241
351,2,0.03031600000000001
312,2,0.07940999999999998
455,3,0.08285799999999999
1553,2,0.03031700000000015
542,2,0.081044
1326,2,0.030316999999999705
1580,2,0.03031700000000015
2190,2,0.03031700000000015
68,2,0.045407
913,2,0.03031700000000015
244,2,0.03031700000000004
632,2,0.030316999999999927
1578,2,0.0794100000000002
198,2,0.06987700000000002
2018,3,0.08106599999999986
1613,3,0.08343400000000001
137,2,0.03031600000000001
837,2,0.08104299999999998
2360,3,0.08119399999999954
1842,2,0.07940999999999976
1547,1,0.014000000000000234
1918,2,0.03031700000000015
2119,1,0.014000000000000234
1206,2,0.0794769999999998
2388,1,0.013999999999999346
340,1,0.014000000000000012
752,2,0.0810439999999999
1809,2,0.0810430000000002
1558,2,0.0810439999999999
1777,1,0.014000000000000234
2465,1,0.014000000000000234
1845,1,0.014000000000000234
769,2,0.08104299999999998
596,2,0.08104400000000012
806,2,0.08104400000000012
1668,2,0.03031700000000015
1725,3,0.08285799999999988
2340,2,0.07940999999999976
1621,1,0.01399999999999979
3,3,0.0412
2486,3,0.0411999999999999
190,2,0.07178300000000004
1208,3,0.08247399999999994
132,3,0.06218600000000002
757,2,0.03031600000000001
184,2,0.07123999999999997
564,2,0.030316999999999927
2491,1,0.014000000000000234
2366,2,0.030316999999999705
994,2,0.030316999999999927
276,2,0.07627700000000004
2017,2,0.030316999999999705
265,1,0.013999999999999901
2181,2,0.0810430000000002
1357,1,0.01399999999999979
493,2,0.03031700000000004
497,1,0.013999999999999901
1771,2,0.0810430000000002
2242,2,0.0810439999999999
2179,2,0.03031600000000001
2154,2,0.08104400000000034
1354,3,0.08157799999999993
1751,2,0.0810430000000002
2372,2,0.030316999999999705
2499,1,0.014000000000000234
304,2,0.03031700000000004
1851,2,0.03031700000000015
2170,3,0.08202599999999993
57,1,0.013999999999999985
1105,3,0.08343400000000023
2125,2,0.03031600000000001
2464,3,0.0411999999999999
538,3,0.08112999999999992
1694,1,0.01399999999999979
1500,2,0.0794100000000002
1811,1,0.014000000000000234
765,2,0.08104299999999998
700,3,0.08247399999999994
1762,1,0.01399999999999979
76,3,0.05822399999999997
2456,3,0.0411999999999999
816,2,0.07940999999999998
1034,2,0.03031700000000015
874,2,0.0810439999999999
1990,2,0.030316999999999705
987,2,0.03031600000000001
2293,2,0.08104299999999975
1024,2,0.03031700000000015
2347,2,0.08104299999999975
2306,2,0.0794100000000002
2518,1,0.014000000000000234
1400,2,0.030316999999999705
1408,3,0.08202599999999993
1793,2,0.03031600000000001
274,2,0.03031600000000001
48,3,0.04208299999999998
1405,2,0.0810430000000002
2389,3,0.06743400000000044
916,2,0.030316999999999927
2371,2,0.0810430000000002
563,3,0.08375399999999988
2150,3,0.08125800000000005
849,1,0.014000000000000012
2149,2,0.03031700000000015
1707,2,0.0810430000000002
2166,2,0.030316999999999705
329,2,0.07947699999999991
139,2,0.05173099999999997
1934,2,0.0810439999999999
0,3,0.0412
2375,3,0.08343400000000045
1665,1,0.01399999999999979
974,2,0.03031700000000015
1512,2,0.030316999999999705
180,2,0.07123999999999997
293,2,0.03031700000000004
1554,3,0.08112999999999992
657,2,0.08104299999999998
1728,1,0.01399999999999979
1852,3,0.08119399999999999
2100,2,0.07947700000000024
777,2,0.03031600000000001
33,1,0.014000000000000012
2421,1,0.013999999999999346
1987,1,0.01399999999999979
2015,2,0.0810430000000002
357,3,0.08234600000000003
152,2,0.07130799999999998
2206,2,0.03031700000000015
441,3,0.08394600000000008
2265,1,0.01399999999999979
1149,3,0.08349799999999985
350,2,0.077843
938,2,0.07940999999999998
1893,2,0.0810430000000002
1039,1,0.014000000000000012
1756,2,0.030316999999999705
248,3,0.07812200000000002
853,2,0.08104299999999998
882,2,0.030316999999999927
344,2,0.03031700000000004
1056,3,0.08151399999999986
881,2,0.08104299999999998
912,1,0.014000000000000012
2002,2,0.0794769999999998
432,2,0.030316999999999927
978,3,0.08177000000000012
1946,2,0.03031700000000015
1040,2,0.07947700000000002
1525,3,0.08330600000000032
1386,1,0.01399999999999979
2240,2,0.030316999999999705
1290,2,0.07940999999999976
2000,2,0.03031700000000015
1424,2,0.03031700000000015
1705,2,0.03031600000000001
23,1,0.013999999999999999
2059,2,0.0810430000000002
743,2,0.03031600000000001
326,2,0.077843
1689,1,0.01399999999999979
1328,2,0.0794769999999998
84,1,0.014000000000000012
145,1,0.014000000000000012
1179,2,0.08104299999999975
404,1,0.014000000000000012
379,2,0.07947699999999991
336,2,0.077843
1038,2,0.030316999999999927
1690,2,0.0810439999999999
2457,1,0.014000000000000234
756,1,0.014000000000000012
1415,1,0.01399999999999979
438,2,0.03031700000000004
71,2,0.050234
982,2,0.07940999999999998
1306,2,0.030316999999999705
1599,2,0.08104299999999975
1894,1,0.014000000000000234
2228,3,0.0810019999999998
775,1,0.014000000000000012
1146,2,0.030316999999999927
1720,3,0.0810019999999998
2259,2,0.0810430000000002
1250,2,0.0794769999999998
1888,2,0.03031700000000015
1932,2,0.030316999999999705
1753,1,0.01399999999999979
1713,1,0.01399999999999979
1824,2,0.03031700000000015
2236,1,0.01399999999999979
170,2,0.03031600000000001
1503,1,0.014000000000000234
7,3,0.041199999999999994
738,2,0.07940999999999998
1113,1,0.014000000000000012
12,3,0.041199999999999994
384,2,0.030316999999999927
749,2,0.0810430000000002
1260,2,0.0810439999999999
946,2,0.030316999999999927
1271,3,0.08330599999999988
1036,2,0.07940999999999998
2478,3,0.0411999999999999
622,3,0.08273000000000019
1831,1,0.014000000000000234
2283,2,0.08104299999999975
1545,3,0.0840740000000002
2263,3,0.08401000000000014
727,1,0.014000000000000012
1263,2,0.08104299999999975
486,2,0.03031700000000004
1344,3,0.08119399999999999
952,2,0.07947700000000002
988,3,0.08215400000000006
2447,1,0.013999999999999346
2490,3,0.0411999999999999
387,3,0.08349799999999996
1214,2,0.03031700000000015
418,2,0.03031700000000004
779,2,0.08104299999999998
2233,3,0.08285799999999988
2072,3,0.08151400000000031
1885,1,0.014000000000000234
694,2,0.07940999999999998
2356,3,0.08266600000000013
692,2,0.03031700000000015
1971,2,0.08104299999999975
2365,3,0.08304999999999962
2164,2,0.08104400000000034
169,1,0.013999999999999957
1768,2,0.0810439999999999
1836,2,0.07947700000000024
1074,2,0.07947700000000002
6,1,0.013999999999999999
1589,3,0.08413799999999982
327,2,0.03031700000000004
1305,3,0.082986
1521,2,0.0810430000000002
15,1,0.013999999999999999
1103,1,0.014000000000000012
1438,2,0.030316999999999705
1491,3,0.0836260000000002
1584,3,0.08228200000000019
1447,3,0.08356199999999969
52,3,0.041200000000000014
1165,2,0.0810430000000002
1520,3,0.08145000000000024
266,2,0.07464300000000001
435,2,0.03031600000000001
774,2,0.030316999999999927
934,3,0.08170600000000006
2333,2,0.0810430000000002
1959,2,0.03031600000000001
1273,2,0.0810430000000002
155,2,0.07123999999999997
1061,3,0.08336999999999994
1647,3,0.08311400000000013
900,3,0.08202599999999993
1530,3,0.08183400000000018
2234,2,0.03031700000000015
575,1,0.014000000000000012
454,2,0.081044
492,1,0.014000000000000012
643,2,0.08104299999999998
133,2,0.03031700000000004
489,2,0.03031600000000001
550,2,0.030316999999999927
2460,3,0.0411999999999999
1591,1,0.014000000000000234
1769,3,0.08292200000000038
2227,2,0.03031700000000015
1439,2,0.08104299999999975
1073,1,0.01399999999999979
1042,3,0.08260199999999984
1555,2,0.08104299999999975
192,2,0.03031600000000001
710,2,0.030316999999999927
2123,2,0.08104299999999975
320,1,0.014000000000000012
959,2,0.08104299999999998
205,2,0.07144399999999995
1445,1,0.01399999999999979
69,2,0.05030100000000001
261,1,0.014000000000000012
1173,3,0.08279400000000026
1527,2,0.0810430000000002
1818,3,0.08151400000000031
968,3,0.08138599999999996
1734,2,0.08104400000000034
2249,2,0.0810430000000002
2061,2,0.030316999999999705
89,3,0.04119999999999996
535,2,0.08104299999999998
324,2,0.03031700000000004
1131,2,0.08104299999999998
1184,2,0.030316999999999705
905,3,0.08388200000000001
2030,2,0.03031700000000015
1767,1,0.014000000000000234
1583,2,0.03031600000000001
403,2,0.08104299999999998
1171,1,0.014000000000000234
1795,2,0.08104299999999975
1808,3,0.08113000000000037
2028,3,0.0814499999999998
2245,2,0.08104299999999975
2313,2,0.0810430000000002
835,2,0.030316999999999927
226,2,0.03031600000000001
2459,1,0.014000000000000234
686,2,0.030316999999999927
618,2,0.03031700000000015
1887,2,0.0810430000000002
1606,1,0.01399999999999979
1285,2,0.03031600000000001
1919,1,0.01399999999999979
1986,2,0.03031700000000015
1915,2,0.03031600000000001
41,2,0.04311599999999999
514,3,0.08183399999999996
2399,3,0.05543399999999998
842,2,0.030316999999999927
1692,2,0.03031700000000015
1186,1,0.014000000000000234
790,1,0.014000000000000012
844,1,0.014000000000000012
2510,3,0.0411999999999999
1192,2,0.0794100000000002
970,2,0.030316999999999927
1244,2,0.03031700000000015
490,3,0.082538
1670,2,0.07947700000000024
1446,2,0.0794100000000002
1108,1,0.014000000000000012
954,3,0.08247400000000016
2088,2,0.03031700000000015
122,2,0.077511
1569,3,0.08336999999999994
194,2,0.030315999999999954
830,2,0.07947700000000002
1434,2,0.03031700000000015
2050,2,0.03031700000000015
1586,2,0.030316999999999705
1935,3,0.08279399999999981
733,2,0.03031600000000001
338,3,0.08157799999999993
1956,2,0.03031700000000015
421,3,0.08317799999999997
1137,1,0.014000000000000012
1277,2,0.0810430000000002
1049,1,0.014000000000000012
1385,2,0.08104299999999975
728,2,0.07940999999999998
1789,3,0.08369000000000026
2087,3,0.08375400000000033
578,3,0.0826659999999999
452,2,0.03031700000000004
1627,2,0.03031600000000001
2128,2,0.030316999999999705
557,2,0.03031600000000001
2476,3,0.0411999999999999
809,2,0.08104299999999998
965,2,0.08104299999999998
75,2,0.06002200000000002
1065,2,0.03031600000000001
1995,2,0.0810430000000002
2197,1,0.014000000000000234
1088,1,0.014000000000000012
2439,1,0.013999999999999346
1862,3,0.08157799999999993
1897,2,0.08104299999999975
399,1,0.014000000000000012
356,2,0.07941000000000009
1015,1,0.014000000000000012
1803,2,0.03031600000000001
2012,2,0.07947700000000024
642,2,0.03031700000000015
1144,3,0.08164200000000021
363,2,0.08104299999999998
2104,1,0.014000000000000234
1087,2,0.08104299999999998
430,2,0.07941000000000009
1660,1,0.01399999999999979
2021,1,0.01399999999999979
1515,3,0.08292199999999994
348,2,0.03031700000000004
1081,3,0.08413800000000005
2004,3,0.08215400000000006
980,2,0.030316999999999927
1190,2,0.03031700000000015
1227,3,0.08324200000000026
1481,3,0.08324200000000026
2033,3,0.08330599999999988
593,2,0.08104299999999998
1249,1,0.014000000000000234
1568,2,0.0810439999999999
2390,2,0.03031700000000015
1678,2,0.030316999999999705
1136,2,0.030316999999999927
1542,2,0.03031700000000015
1773,2,0.030315999999999566
1637,2,0.03031600000000001
528,2,0.07940999999999987
108,2,0.053039999999999976
2044,2,0.030316999999999705
1910,2,0.0810439999999999
664,2,0.0810439999999999
1806,1,0.014000000000000234
719,3,0.08324200000000004
672,2,0.030316999999999927
2082,3,0.08189800000000025
2117,2,0.0810430000000002
646,3,0.08202600000000015
1069,1,0.01399999999999979
1497,2,0.08104299999999975
996,2,0.07947700000000002
507,1,0.014000000000000012
1441,2,0.03031600000000001
1486,3,0.08177000000000012
2084,2,0.03031700000000015
429,1,0.014000000000000012
151,2,0.06641400000000003
1602,2,0.0810439999999999
366,2,0.07940999999999998
165,2,0.071241
1631,1,0.01399999999999979
2289,2,0.08104299999999975
307,2,0.030316999999999927
627,2,0.08104299999999998
1798,2,0.0794100000000002
2045,1,0.01399999999999979
100,2,0.030315999999999954
1985,2,0.08104299999999975
2424,3,0.0411999999999999
1350,2,0.03031700000000015
281,2,0.03031700000000004
2243,3,0.08324199999999982
1337,1,0.01399999999999979
519,3,0.08369000000000004
656,3,0.0824100000000001
1139,3,0.08311399999999991
2086,2,0.07940999999999976
463,1,0.014000000000000012
969,2,0.08104299999999998
212,3,0.07511399999999996
2049,2,0.08104299999999975
164,2,0.03031600000000001
423,2,0.07947700000000002
862,2,0.03031700000000015
565,1,0.014000000000000012
1313,1,0.01399999999999979
1426,2,0.08104400000000034
1744,2,0.0794100000000002
958,3,0.08100200000000002
405,2,0.0303159999999999
374,2,0.03031700000000004
381,2,0.0303159999999999
358,2,0.030316999999999927
1644,2,0.03031700000000015
1264,1,0.014000000000000234
2255,1,0.01399999999999979
2362,2,0.03031700000000015
105,2,0.04814499999999999
440,2,0.07940999999999998
1456,2,0.0794100000000002
589,2,0.08104299999999998
2504,3,0.0411999999999999
1485,2,0.03031600000000001
1562,1,0.014000000000000234
1291,3,0.0840740000000002
196,3,0.07287400000000005
1138,2,0.08104400000000012
1155,2,0.0810430000000002
1075,2,0.03031600000000001
1093,1,0.014000000000000012
1356,2,0.03031700000000015
1942,2,0.030316999999999705
1107,2,0.0810430000000002
2252,2,0.07940999999999976
2482,3,0.0411999999999999
915,2,0.08104299999999998
906,2,0.030316999999999927
1387,2,0.03031700000000015
1703,1,0.01399999999999979
975,2,0.08104299999999998
989,2,0.08104299999999998
908,2,0.07947700000000002
1884,2,0.030316999999999705
1648,2,0.03031700000000015
2442,3,0.0411999999999999
625,2,0.030316999999999927
1551,2,0.08104299999999975
2502,3,0.0411999999999999
297,2,0.03031700000000004
762,2,0.0810439999999999
822,3,0.08228199999999997
494,3,0.08106599999999997
1050,2,0.08104400000000012
630,2,0.0810439999999999
597,3,0.08343400000000001
476,2,0.030316999999999927
2331,3,0.08336999999999994
624,1,0.014000000000000012
1856,2,0.08104400000000034
1314,2,0.08104400000000034
2027,2,0.03031600000000001
2418,3,0.0411999999999999
2310,2,0.0794769999999998
360,1,0.014000000000000012
2143,1,0.014000000000000234
1241,2,0.03031600000000001
1594,3,0.08266600000000013
1248,2,0.03031700000000015
79,1,0.014000000000000012
1450,2,0.0794769999999998
768,3,0.08183399999999996
1201,1,0.014000000000000234
2436,3,0.0411999999999999
1468,2,0.03031700000000015
947,1,0.014000000000000012
371,2,0.03031600000000001
109,2,0.057933999999999986
2286,2,0.08104400000000034
2216,2,0.03031700000000015
1280,2,0.07940999999999976
697,1,0.014000000000000012
515,2,0.08104300000000009
1752,2,0.030316999999999705
850,2,0.0810439999999999
2400,2,0.03031700000000015
713,2,0.03031600000000001
798,2,0.030316999999999927
1940,3,0.08132200000000012
1820,2,0.030316999999999705
878,1,0.014000000000000012
1657,3,0.08349800000000007
38,3,0.041200000000000014
186,3,0.07249
859,1,0.014000000000000012
940,2,0.030316999999999927
1170,2,0.03031700000000015
216,2,0.03031600000000001
1857,3,0.08305000000000007
2107,2,0.0810430000000002
1246,2,0.07940999999999976
895,3,0.08349799999999985
2193,2,0.03031600000000001
1464,1,0.014000000000000234
483,1,0.014000000000000012
529,3,0.08407399999999998
1904,1,0.014000000000000234
680,3,0.08170600000000006
42,3,0.04422699999999999
2212,2,0.07947700000000024
1232,3,0.08177000000000012
681,2,0.08104299999999998
2129,1,0.014000000000000234
295,2,0.077843
1011,2,0.03031600000000001
2500,3,0.0411999999999999
786,2,0.07947700000000002
1298,1,0.01399999999999979
18,2,0.03822299999999999
2520,1,0.014000000000000234
740,2,0.03031700000000015
1185,2,0.08104299999999975
227,2,0.07328099999999999
524,3,0.08221800000000012
1920,2,0.0794100000000002
32,2,0.030315999999999982
701,2,0.0810430000000002
2052,2,0.0794100000000002
1899,1,0.014000000000000234
920,2,0.030316999999999927
1274,1,0.014000000000000234
960,2,0.03031700000000015
1007,3,0.08292199999999994
1603,3,0.08305000000000007
354,2,0.03031700000000004
724,3,0.0817699999999999
2298,2,0.030316999999999705
1907,2,0.08104299999999975
2096,2,0.07940999999999976
337,2,0.030316999999999927
776,2,0.07947700000000002
390,2,0.07947700000000002
638,2,0.030316999999999927
1948,1,0.01399999999999979
345,1,0.013999999999999901
10,2,0.030316000000000003
2307,3,0.08407399999999976
732,2,0.07947700000000002
1019,2,0.08104299999999998
2295,1,0.01399999999999979
1196,2,0.0794769999999998
156,3,0.07133800000000001
586,2,0.08104400000000012
2276,2,0.08104400000000034
2065,1,0.01399999999999979
2343,1,0.01399999999999979
1911,3,0.08349800000000007
883,1,0.014000000000000012
986,2,0.0794769999999998
2337,2,0.0810430000000002
347,3,0.08196199999999998
1111,2,0.08104299999999998
1267,2,0.0810430000000002
1819,2,0.0810430000000002
2191,2,0.0810430000000002
1242,3,0.08215400000000006
214,2,0.07157900000000006
1747,1,0.01399999999999979
1914,1,0.01399999999999979
2320,2,0.0810439999999999
1630,2,0.03031700000000015
1115,3,0.08381800000000017
2281,2,0.03031600000000001
1924,2,0.0794769999999998
2192,1,0.014000000000000234
1704,2,0.07947700000000024
1723,1,0.01399999999999979
1513,1,0.014000000000000234
861,3,0.08381799999999995
704,3,0.08100200000000002
903,1,0.014000000000000012
1058,2,0.03031700000000015
2213,2,0.03031600000000001
753,3,0.08292199999999994
2101,2,0.03031600000000001
299,2,0.077843
2448,3,0.0411999999999999
1498,2,0.03031700000000015
2010,2,0.03031700000000015
846,3,0.08157799999999993
2054,2,0.030316999999999705
2453,1,0.014000000000000234
2386,3,0.071434
1921,3,0.08388200000000001
993,3,0.08400999999999992
863,1,0.014000000000000012
138,1,0.014000000000000012
1714,2,0.07947700000000024
674,2,0.0810439999999999
1118,2,0.07947700000000002
22,3,0.043688000000000005
2402,2,0.03031600000000001
1745,3,0.08362599999999976
2270,1,0.01399999999999979
1490,2,0.0794100000000002
1632,3,0.08087400000000011
784,2,0.030316999999999927
55,2,0.03031600000000001
416,3,0.081322
1906,3,0.08164199999999999
1000,1,0.014000000000000012
1373,2,0.03031600000000001
1504,2,0.0794769999999998
2370,3,0.08157799999999993
962,2,0.0810439999999999
1177,2,0.03031600000000001
1499,1,0.014000000000000234
767,2,0.03031600000000001
383,2,0.08104300000000009
1077,2,0.08104299999999998
2393,3,0.06343399999999999
241,1,0.014000000000000012
1944,2,0.0810439999999999
2412,3,0.0411999999999999
431,3,0.08356200000000003
1697,2,0.0810430000000002
1881,2,0.03031600000000001
484,2,0.07940999999999998
1413,3,0.08388200000000001
1218,2,0.03031700000000015
378,2,0.03031700000000004
748,3,0.08106599999999986
130,1,0.013999999999999957
1181,1,0.014000000000000234
541,1,0.014000000000000012
1812,2,0.0810439999999999
466,2,0.03031700000000004
370,1,0.014000000000000012
527,1,0.014000000000000012
2202,1,0.014000000000000234
96,2,0.03031600000000001
800,1,0.014000000000000012
712,1,0.014000000000000012
2324,1,0.01399999999999979
1253,2,0.08104299999999975
2130,2,0.0794100000000002
1975,2,0.08104299999999975
1451,2,0.03031600000000001
475,3,0.08362599999999998
217,3,0.07364199999999999
73,1,0.013999999999999985
1880,2,0.0794769999999998
317,2,0.03031700000000004
166,3,0.07172200000000001
1432,3,0.08132199999999967
1783,2,0.03031600000000001
2023,3,0.08292199999999994
2186,2,0.03031700000000015
2342,2,0.03031700000000015
1129,2,0.03031600000000001
706,2,0.030316999999999927
1524,2,0.0810439999999999
283,2,0.0778430000000001
1458,2,0.03031700000000015
2110,2,0.0810439999999999
1596,1,0.014000000000000234
1813,3,0.082986
1687,2,0.0810430000000002
2057,2,0.03031600000000001
1832,2,0.07940999999999976
1617,2,0.03031600000000001
688,2,0.07947700000000002
2485,1,0.014000000000000234
999,2,0.08104299999999998
972,2,0.0810439999999999
16,3,0.0412
183,1,0.014000000000000012
2183,2,0.030316999999999705
992,2,0.07940999999999998
737,1,0.014000000000000012
1287,2,0.0810430000000002
228,3,0.07735400000000003
1597,2,0.03031700000000015
1656,2,0.0810439999999999
2172,2,0.03031700000000015
1297,2,0.0810430000000002
1501,3,0.08401000000000014
1536,2,0.03031700000000015
2355,2,0.03031600000000001
1997,1,0.01399999999999979
2474,3,0.0411999999999999
841,3,0.08305000000000007
419,1,0.014000000000000012
698,2,0.07947700000000002
1610,2,0.03031700000000015
807,3,0.08337000000000017
963,3,0.0828580000000001
2118,2,0.030316999999999705
2209,3,0.08356200000000014
14,3,0.0412
462,2,0.03031700000000004
2328,2,0.03031700000000015
70,3,0.049712000000000006
1834,2,0.03031700000000015
94,2,0.03031600000000001
1998,2,0.0794100000000002
294,3,0.08151399999999998
428,2,0.03031700000000004
1203,3,0.08394600000000008
1797,1,0.014000000000000234
909,2,0.03031600000000001
587,3,0.08304999999999985
290,2,0.03031600000000001
335,1,0.014000000000000012
1805,2,0.08104299999999975
1312,2,0.03031700000000015
396,2,0.07940999999999998
2336,3,0.08189800000000025
391,2,0.03031600000000001
2414,3,0.0411999999999999
2425,1,0.013999999999999346
459,2,0.03031600000000001
2314,1,0.01399999999999979
1623,3,0.08381799999999995
600,1,0.014000000000000012
1750,3,0.08215399999999962
1829,2,0.0810430000000002
1883,2,0.0810430000000002
824,2,0.030316999999999927
2382,3,0.07543400000000045
500,2,0.030316999999999927
1191,1,0.014000000000000234
2308,2,0.03031700000000015
2422,3,0.0411999999999999
1428,2,0.030316999999999705
2081,2,0.03031600000000001
311,1,0.014000000000000012
1850,1,0.014000000000000234
957,2,0.030316999999999927
1740,3,0.08176999999999968
1167,2,0.03031700000000015
673,1,0.014000000000000012
2003,2,0.03031600000000001
167,2,0.030315999999999954
412,2,0.030316999999999927
1509,2,0.03031700000000015
2037,2,0.03031600000000001
159,2,0.07124000000000003
2287,3,0.08330599999999988
1511,2,0.0810430000000002
1394,2,0.03031700000000015
2304,2,0.030316999999999705
1835,1,0.014000000000000234
116,2,0.067722
836,3,0.08119399999999999
451,2,0.08104300000000009
588,2,0.030316999999999927
667,2,0.08104299999999998
220,2,0.030315999999999954
1017,3,0.08330599999999988
1349,3,0.08305000000000007
787,2,0.03031600000000001
1598,3,0.08119399999999999
2070,1,0.014000000000000234
2332,2,0.03031700000000015
648,2,0.030316999999999927
2007,1,0.01399999999999979
1963,1,0.01399999999999979
1156,2,0.030316999999999705
1538,2,0.07947700000000024
2334,1,0.01399999999999979
2338,2,0.03031700000000015
275,1,0.014000000000000012
875,2,0.03031600000000001
2167,2,0.08104299999999975
2239,2,0.0810430000000002
2068,2,0.03031700000000015
2481,1,0.014000000000000234
1391,1,0.01399999999999979
1626,2,0.0794769999999998
1722,2,0.03031700000000015
2479,1,0.014000000000000234
1278,2,0.030316999999999705
91,1,0.013999999999999957
1363,2,0.03031600000000001
1121,2,0.08104299999999998
2523,1,0.014000000000000234
271,1,0.013999999999999901
991,1,0.014000000000000012
443,1,0.014000000000000012
1122,2,0.03031700000000015
1541,2,0.08104299999999975
200,2,0.03031600000000001
362,3,0.080874
1110,3,0.08196200000000009
1265,2,0.03031600000000001
2290,1,0.01399999999999979
595,1,0.014000000000000012
2345,2,0.03031600000000001
745,2,0.08104299999999998
1294,2,0.07947700000000024
570,2,0.03031700000000015
590,1,0.014000000000000012
845,2,0.030315999999999788
1030,2,0.07947700000000002
1222,3,0.08138600000000018
349,1,0.013999999999999901
2235,2,0.08104299999999975
1516,2,0.03031700000000015
1654,2,0.03031700000000015
1546,2,0.03031700000000015
1757,1,0.01399999999999979
1235,1,0.014000000000000234
1667,3,0.08388200000000001
1658,2,0.03031700000000015
2488,3,0.0411999999999999
758,3,0.0814499999999998
1027,3,0.08369000000000004
1954,2,0.07940999999999976
97,2,0.03822199999999998
922,1,0.01399999999999979
2077,3,0.08337000000000039
811,2,0.03031600000000001
2321,3,0.082986
1961,2,0.0810430000000002
118,2,0.06772199999999995
36,3,0.04119999999999999
1059,1,0.014000000000000012
1421,2,0.03031700000000015
28,3,0.0412
1396,1,0.01399999999999979
13,1,0.013999999999999999
2384,1,0.013999999999999346
1622,2,0.0794100000000002
2224,3,0.08247399999999994
386,2,0.07940999999999998
2268,3,0.082538
1612,2,0.08104400000000034
243,3,0.07959399999999994
650,2,0.07940999999999998
1473,2,0.0810430000000002
1616,1,0.01399999999999979
1891,2,0.03031600000000001
2317,2,0.0810430000000002
465,3,0.08324200000000004
2139,1,0.014000000000000234
2524,1,0.014000000000000234
229,2,0.030315999999999954
1161,1,0.014000000000000234
860,2,0.07940999999999998
417,2,0.08104299999999998
2437,1,0.013999999999999346
1544,2,0.07940999999999976
1790,2,0.03031700000000015
682,2,0.030316999999999927
1927,2,0.08104299999999975
171,3,0.07024999999999998
2155,3,0.08311400000000013
1679,1,0.01399999999999979
1925,2,0.03031600000000001
1286,3,0.08221800000000012
1008,2,0.03031700000000015
107,1,0.014000000000000012
1823,3,0.08336999999999994
2180,3,0.08240999999999987
1965,3,0.08394600000000008
1325,3,0.08375399999999988
2387,2,0.03031700000000015
548,3,0.08151400000000009
2200,2,0.03031700000000015
545,2,0.08104299999999998
134,1,0.014000000000000012
1601,1,0.014000000000000234
2140,3,0.08087400000000011
2220,2,0.03031700000000015
2111,3,0.08305000000000007
1318,1,0.01399999999999979
259,2,0.0778430000000001
2121,3,0.08343400000000001
2184,3,0.08093800000000018
502,1,0.013999999999999901
149,3,0.06615399999999999
158,1,0.014000000000000012
1590,2,0.03031700000000015
1076,3,0.08228199999999997
1664,2,0.03031700000000015
102,2,0.043184
508,2,0.081044
101,1,0.014000000000000012
818,2,0.030316999999999927
1799,3,0.0840740000000002
1890,2,0.0810439999999999
1355,2,0.08104299999999975
817,3,0.0837540000000001
1873,2,0.0810430000000002
1369,3,0.08381799999999995
1749,2,0.03031600000000001
839,1,0.014000000000000012
562,2,0.07940999999999998
1388,3,0.08125800000000005
1417,2,0.030315999999999566
995,1,0.014000000000000012
2006,2,0.030316999999999705
1197,2,0.03031600000000001
1759,2,0.03031600000000001
316,2,0.077843
1340,3,0.08266600000000013
1629,2,0.0810430000000002
2039,2,0.08104299999999975
1070,2,0.07940999999999998
1256,3,0.08106599999999986
1715,2,0.03031600000000001
1474,1,0.014000000000000234
928,2,0.08104400000000012
1123,1,0.014000000000000012
1346,2,0.03031700000000015
1618,3,0.08196199999999987
1872,3,0.08196199999999987
534,3,0.08260200000000006
1272,2,0.03031700000000015
1442,3,0.08170599999999961
1696,3,0.08170600000000006
1841,1,0.014000000000000234
372,3,0.08125800000000005
2495,1,0.014000000000000234
2169,2,0.03031600000000001
1983,2,0.03031600000000001
280,1,0.014000000000000012
511,2,0.08104299999999998
491,2,0.08104299999999998
2461,1,0.014000000000000234
926,2,0.03031700000000015
2062,3,0.08112999999999992
559,2,0.08104299999999998
342,2,0.07940999999999998
62,3,0.04119999999999999
561,1,0.014000000000000012
64,3,0.04119999999999999
789,2,0.08104299999999998
2115,2,0.03031600000000001
21,1,0.014000000000000012
498,2,0.081044
1478,2,0.03031700000000015
104,3,0.049449999999999994
910,3,0.08240999999999987
927,1,0.014000000000000012
1348,2,0.0810439999999999
2221,1,0.01399999999999979
2231,1,0.01399999999999979
437,2,0.08104299999999998
442,2,0.03031700000000004
526,2,0.030316999999999927
2462,3,0.0411999999999999
879,2,0.03031700000000015
2526,1,0.014000000000000234
1066,3,0.0818979999999998
407,2,0.08104300000000009
1567,1,0.014000000000000234
2522,1,0.014000000000000234
1686,3,0.08132199999999967
1815,2,0.08104299999999975
2041,1,0.01399999999999979
2350,2,0.0794100000000002
2330,2,0.08104400000000034
1303,1,0.01399999999999979
1576,2,0.030316999999999705
633,2,0.08104299999999998
1064,1,0.014000000000000012
375,1,0.014000000000000012
1221,2,0.03031600000000001
434,2,0.07947700000000002
1460,2,0.0794769999999998
1255,2,0.03031700000000015
2506,3,0.0411999999999999
2165,3,0.08349800000000007
2091,2,0.03031600000000001
602,3,0.08196199999999987
609,1,0.014000000000000012
1993,2,0.03031600000000001
1284,2,0.07947700000000024
1502,2,0.030316999999999705
949,3,0.08394600000000008
185,2,0.03031600000000001
918,2,0.08104400000000012
206,3,0.07325799999999999
287,2,0.030316999999999927
1452,3,0.08209
1896,3,0.08125800000000005
1068,2,0.030316999999999927
460,3,0.08138599999999996
1999,3,0.08362599999999976
1778,2,0.0810439999999999
889,2,0.03031600000000001
2161,2,0.08104299999999975
420,2,0.07940999999999998
1691,3,0.08317799999999975
411,3,0.08279399999999992
461,2,0.08104299999999998
1343,2,0.030316999999999705
736,2,0.030316999999999927
125,3,0.07018599999999997
1425,1,0.01399999999999979
691,2,0.08104299999999998
981,1,0.014000000000000012
984,2,0.03031700000000015
1001,2,0.03031700000000015
1642,3,0.08125800000000005
1636,2,0.0810439999999999
2496,3,0.0411999999999999
1334,2,0.0794100000000002
343,3,0.08343400000000001
242,2,0.07505099999999998
422,2,0.03031700000000004
1423,2,0.08104299999999975
523,2,0.0303159999999999
1922,2,0.030316999999999705
744,3,0.082538
352,3,0.08049000000000006
739,3,0.08400999999999992
814,2,0.03031700000000015
1268,2,0.030316999999999705
365,1,0.014000000000000012
2076,2,0.0810439999999999
1147,1,0.014000000000000012
355,1,0.014000000000000012
1204,2,0.030316999999999705
2232,2,0.0810439999999999
2211,1,0.014000000000000234
2312,3,0.08260200000000006
2398,1,0.013999999999999346
85,2,0.03031600000000001
598,2,0.030316999999999927
1317,2,0.08104299999999975
2450,3,0.0411999999999999
1676,3,0.08093799999999973
2079,2,0.0810430000000002
1331,2,0.0810430000000002
1955,3,0.08356200000000014
1968,2,0.07947700000000024
1467,2,0.08104299999999975
2185,2,0.0810430000000002
2264,2,0.03031700000000015
612,3,0.08234599999999981
604,2,0.03031700000000015
684,2,0.07940999999999998
2092,3,0.08228200000000019
1487,2,0.08104299999999975
1495,2,0.03031600000000001
1172,2,0.0810439999999999
1592,2,0.07947700000000024
1559,3,0.082986
665,3,0.08279400000000003
755,2,0.08104299999999998
1681,3,0.08279399999999981
249,2,0.07675200000000004
449,2,0.03031700000000004
2440,3,0.0411999999999999
1116,2,0.030316999999999927
1764,3,0.0810660000000003
2301,2,0.03031600000000001
2019,2,0.08104299999999975
1476,3,0.08138600000000018
2238,3,0.08138600000000018
1083,1,0.014000000000000012
496,2,0.03031700000000004
792,3,0.08113000000000015
1652,3,0.08164199999999999
2319,1,0.01399999999999979
770,2,0.030316999999999927
1304,2,0.08104400000000034
1638,3,0.08272999999999975
2124,1,0.014000000000000234
663,1,0.014000000000000012
1967,1,0.01399999999999979
120,3,0.06833
204,2,0.030316999999999983
2029,2,0.08104299999999975
1258,2,0.030316999999999705
1216,2,0.0810439999999999
1875,1,0.014000000000000234
2218,2,0.07940999999999976
2315,2,0.030316999999999705
2267,2,0.03031600000000001
1014,2,0.030316999999999927
445,2,0.03031600000000001
2413,1,0.013999999999999346
1828,3,0.08189800000000025
1996,2,0.030316999999999705
154,2,0.03031600000000001
780,2,0.030316999999999927
1330,3,0.08228199999999974
1733,1,0.01399999999999979
847,2,0.0810430000000002
1479,1,0.014000000000000234
1889,1,0.014000000000000234
2397,2,0.03031700000000015
1600,2,0.03031700000000015
136,3,0.058186000000000015
2508,3,0.0411999999999999
1931,2,0.0810430000000002
2454,3,0.0411999999999999
224,2,0.07328000000000001
2429,1,0.013999999999999346
1406,1,0.01399999999999979
251,2,0.03031600000000001
1709,1,0.01399999999999979
2251,1,0.01399999999999979
425,2,0.03031600000000001
117,1,0.014000000000000012
218,2,0.07321300000000003
2489,1,0.014000000000000234
1970,3,0.08247399999999994
209,1,0.013999999999999957
1477,2,0.08104299999999975
2368,1,0.013999999999999346
264,2,0.030316999999999927
1382,2,0.0810439999999999
852,2,0.030316999999999927
2078,2,0.03031700000000015
2294,2,0.03031700000000015
634,1,0.014000000000000012
702,1,0.014000000000000012
1045,2,0.030316999999999927
26,3,0.0412
693,1,0.014000000000000012
1517,2,0.0810430000000002
1080,2,0.07940999999999998
1634,2,0.030316999999999705
658,1,0.014000000000000012
1754,2,0.0794100000000002
1974,3,0.0810019999999998
539,2,0.08104300000000009
599,2,0.08104299999999998
1183,3,0.0831780000000002
1649,2,0.0810430000000002
1794,3,0.08221800000000012
735,2,0.08104299999999998
2171,2,0.08104299999999975
37,1,0.014000000000000012
499,3,0.08292200000000005
1164,3,0.08241000000000032
380,1,0.014000000000000012
2473,1,0.014000000000000234
2300,2,0.0794769999999998
2280,1,0.01399999999999979
614,2,0.030316999999999927
1217,3,0.08285800000000032
2080,1,0.014000000000000234
1710,2,0.07940999999999976
2463,1,0.014000000000000234
560,2,0.030316999999999927
1674,1,0.01399999999999979
397,3,0.08388200000000001
2408,1,0.013999999999999346
1130,3,0.08272999999999997
2377,1,0.013999999999999346
1195,1,0.014000000000000234
2137,2,0.0810430000000002
1624,2,0.030316999999999705
2237,2,0.03031600000000001
880,3,0.08125800000000005
1609,2,0.08104299999999975
509,3,0.0833060000000001
1659,2,0.0810430000000002
2083,2,0.0810430000000002
1215,1,0.014000000000000234
2053,3,0.08407399999999976
2503,1,0.014000000000000234
2132,2,0.03031700000000015
1090,3,0.08119399999999999
1302,2,0.03031700000000015
2158,1,0.014000000000000234
925,2,0.08104299999999998
2020,2,0.03031700000000015
2141,2,0.08104299999999975
931,2,0.08104299999999998
9,3,0.0412
1895,2,0.030316999999999705
1510,3,0.0810660000000003
1025,1,0.014000000000000012
2433,1,0.013999999999999346
547,2,0.03031600000000001
942,2,0.07947700000000002
1301,2,0.08104299999999975
626,3,0.08125800000000005
1565,2,0.0810430000000002
298,3,0.08004200000000006
470,3,0.08177000000000001
1905,2,0.03031600000000001
1098,1,0.014000000000000012
2419,1,0.013999999999999346
1855,1,0.014000000000000234
2316,3,0.08112999999999992
2156,2,0.030316999999999705
718,2,0.08104400000000012
1009,2,0.08104299999999998
1731,2,0.08104299999999975
1776,2,0.03031700000000015
1721,2,0.08104299999999975
582,3,0.08119399999999999
60,2,0.03031600000000001
1243,2,0.08104299999999975
1104,2,0.0810439999999999
31,3,0.041200000000000014
321,2,0.03031600000000001
544,2,0.03031700000000015
402,2,0.03031700000000004
2131,3,0.08381799999999995
309,2,0.07947700000000002
2284,2,0.03031700000000015
1488,2,0.03031700000000015
1989,3,0.08324199999999982
1532,2,0.03031700000000015
1843,3,0.08413800000000027
478,2,0.07947700000000002
369,2,0.07947700000000002
574,2,0.030316999999999927
361,2,0.03031600000000001
1457,3,0.08394599999999963
1763,2,0.030316999999999705
1743,1,0.01399999999999979
1917,2,0.08104299999999975
1379,2,0.0810430000000002
639,1,0.014000000000000012
1976,2,0.03031700000000015
1307,2,0.08104299999999975
867,2,0.08104299999999998
2064,2,0.030316999999999705
315,1,0.014000000000000012
231,2,0.07334799999999997
854,1,0.014000000000000012
1719,2,0.03031700000000015
2272,3,0.08106599999999986
1005,1,0.014000000000000012
2527,1,0.014000000000000234
2024,2,0.03031700000000015
716,2,0.03031700000000015
1082,2,0.03031700000000015
1529,2,0.03031600000000001
267,2,0.03031600000000001
413,2,0.08104299999999998
1523,1,0.014000000000000234
1455,1,0.01399999999999979
832,3,0.08266600000000013
29,1,0.014000000000000012
99,3,0.047594000000000025
1341,2,0.0810430000000002
948,2,0.07940999999999998
67,1,0.013999999999999985
480,3,0.08215399999999995
641,3,0.08349800000000007
2142,2,0.03031700000000015
2273,2,0.08104299999999975
615,1,0.01399999999999979
2512,3,0.0411999999999999
1057,2,0.08104299999999998
2311,2,0.03031600000000001
1094,2,0.0810439999999999
238,3,0.07773799999999997
611,2,0.03031600000000001
2288,2,0.030316999999999705
1573,2,0.03031600000000001
1060,2,0.0810439999999999
825,1,0.014000000000000012
1535,3,0.08369000000000026
1233,2,0.08104299999999975
1982,1,0.01399999999999979
2373,1,0.013999999999999346
479,2,0.03031600000000001
652,2,0.03031700000000015
820,2,0.07947700000000002
998,3,0.082538
2194,3,0.08132200000000012
1403,3,0.08349800000000007
2446,3,0.0411999999999999
131,2,0.03031600000000001
2,2,0.031516
2112,2,0.030316999999999705
2199,3,0.0831780000000002
87,2,0.030316999999999983
799,2,0.0810430000000002
1943,1,0.01399999999999979
2108,2,0.030316999999999705
2357,2,0.0810430000000002
473,1,0.014000000000000012
1858,2,0.030316999999999705
2477,1,0.014000000000000234
2036,1,0.01399999999999979
933,2,0.03031600000000001
1837,2,0.03031600000000001
605,1,0.014000000000000012
703,2,0.03031700000000015
1210,1,0.014000000000000234
2516,1,0.014000000000000234
731,1,0.014000000000000012
1675,2,0.03031700000000015
1003,2,0.08104299999999998
1879,1,0.014000000000000234
1540,3,0.08221800000000012
1633,2,0.0810430000000002
1788,2,0.07940999999999976
1308,1,0.01399999999999979
2043,3,0.08368999999999982
1801,1,0.014000000000000234
1506,3,0.082538
501,2,0.08104300000000009
979,2,0.08104299999999998
268,3,0.0788899999999999
1309,2,0.03031600000000001
2277,3,0.08292199999999994
723,2,0.03031600000000001
865,2,0.03031600000000001
826,2,0.07940999999999998
1018,2,0.030316999999999927
1514,2,0.0810439999999999
1639,2,0.0810430000000002
1096,2,0.03031700000000015
581,2,0.03031700000000015
890,3,0.08164199999999999
1480,2,0.0810439999999999
675,3,0.08317799999999997
81,1,0.014000000000000012
1953,1,0.01399999999999979
1807,2,0.03031700000000015
1037,3,0.08407399999999998
536,1,0.014000000000000012
2034,2,0.03031700000000015
1399,2,0.0810430000000002
950,2,0.03031700000000015
1361,2,0.0810430000000002
126,2,0.03031600000000001
270,2,0.03031700000000004
892,2,0.030316999999999927
2431,1,0.013999999999999346
791,2,0.03031700000000015
1846,2,0.07947700000000024
540,2,0.03031700000000004
1847,2,0.03031600000000001
2225,2,0.08104299999999975
1254,1,0.014000000000000234
1534,2,0.07940999999999976
2452,3,0.0411999999999999
45,1,0.013999999999999985
2407,2,0.03031700000000015
482,2,0.030316999999999927
115,2,0.062828
1496,3,0.08215400000000006
296,1,0.014000000000000012
129,3,0.06618599999999997
606,2,0.07940999999999998
1866,2,0.0810439999999999
715,2,0.08104299999999998
1766,2,0.03031700000000015
2383,2,0.03031699999999926
2505,1,0.014000000000000234
1461,2,0.03031600000000001
2246,1,0.01399999999999979
1397,2,0.03031600000000001
546,1,0.014000000000000012
2379,3,0.079434
2443,1,0.013999999999999346
690,3,0.08209
1293,1,0.014000000000000234
967,2,0.03031600000000001
573,3,0.08413800000000005
805,1,0.014000000000000012
1367,1,0.01399999999999979
1182,2,0.08104400000000034
1508,1,0.014000000000000234
1549,2,0.03031600000000001
300,2,0.03031600000000001
2207,1,0.014000000000000234
1395,2,0.0810430000000002
1324,2,0.0794100000000002
750,2,0.030316999999999927
1252,3,0.082538
2176,2,0.030316999999999705
858,2,0.030316999999999927
2254,2,0.03031700000000015
1004,2,0.030316999999999927
1669,1,0.01399999999999979
1671,2,0.03031600000000001
1427,3,0.08279399999999981
1407,2,0.03031600000000001
764,2,0.03031700000000015
971,1,0.014000000000000012
225,1,0.014000000000000012
318,3,0.08080999999999994
1238,2,0.03031700000000015
1163,2,0.03031600000000001
1951,2,0.0810430000000002
1673,2,0.08104299999999975
1159,3,0.08388200000000001
1454,2,0.030316999999999705
1683,2,0.08104299999999975
1376,2,0.03031700000000015
2493,1,0.014000000000000234
2162,2,0.03031700000000015
448,1,0.014000000000000012
1200,2,0.03031700000000015
239,2,0.030316999999999927
2248,3,0.08177000000000012
197,2,0.03031600000000001
1067,2,0.08104299999999998
2381,1,0.013999999999999346
1802,2,0.0794769999999998
1849,2,0.08104299999999975
1614,2,0.030316999999999705
1695,2,0.03031600000000001
2420,3,0.0411999999999999
1247,3,0.08401000000000014
1371,1,0.01399999999999979
894,2,0.08104400000000012
1699,1,0.01399999999999979
961,1,0.014000000000000012
1266,3,0.08145000000000024
427,2,0.08104300000000009
2411,1,0.013999999999999346
621,2,0.03031600000000001
1142,1,0.014000000000000012
1259,1,0.014000000000000234
2415,1,0.013999999999999346
1319,2,0.03031600000000001
1329,2,0.03031600000000001
838,2,0.03031700000000015
1557,1,0.014000000000000234
1661,2,0.03031600000000001
1962,2,0.03031700000000015
128,2,0.030316999999999983
61,1,0.014000000000000012
1321,2,0.0810430000000002
1029,1,0.014000000000000012
1593,2,0.03031600000000001
35,1,0.013999999999999985
80,3,0.05022399999999999
1402,2,0.0810439999999999
1718,1,0.01399999999999979
2146,3,0.08273000000000019
2152,2,0.03031700000000015
2247,2,0.03031600000000001
1662,3,0.08202599999999993
754,2,0.030316999999999927
2120,2,0.0810439999999999
181,3,0.07396200000000003
1166,1,0.014000000000000234
2274,2,0.03031700000000015
98,2,0.043117000000000016
1410,2,0.03031700000000015
1742,2,0.03031700000000015
1071,3,0.08375399999999988
2253,3,0.08362599999999976
893,1,0.014000000000000012
2097,3,0.08413800000000027
670,3,0.08132200000000012
636,3,0.08164199999999999
725,2,0.0810430000000002
2430,3,0.0411999999999999
124,2,0.03031700000000004
2484,3,0.0411999999999999
1770,2,0.03031700000000015
111,2,0.057933999999999986
485,3,0.08400999999999992
662,2,0.030316999999999927
1646,2,0.0810439999999999
898,1,0.014000000000000012
783,3,0.0840740000000002
1822,2,0.0810439999999999
1560,2,0.030316999999999705
990,2,0.030316999999999927
235,1,0.014000000000000012
20,3,0.047687999999999994
1892,3,0.08273000000000019
1952,2,0.03031700000000015
353,2,0.07947699999999991
2455,1,0.014000000000000234
1153,2,0.03031600000000001
1,3,0.0412
2449,1,0.013999999999999346
1257,2,0.0810430000000002
457,2,0.08104299999999998
580,1,0.014000000000000012
2428,3,0.0411999999999999
2136,3,0.08234600000000025
237,2,0.07498300000000002
1507,2,0.08104299999999975
279,2,0.077843
1422,3,0.08093799999999973
1916,3,0.08202599999999993
2305,1,0.01399999999999979
2451,1,0.013999999999999346
812,3,0.08189800000000003
78,3,0.054223999999999994
1825,2,0.0810430000000002
1526,2,0.03031700000000015
2417,1,0.013999999999999346
1868,2,0.030316999999999705
88,1,0.013999999999999957
1435,1,0.01399999999999979
1928,1,0.01399999999999979
1091,2,0.08104299999999998
11,1,0.014000000000000005
2405,1,0.013999999999999346
520,2,0.03031700000000004
1127,1,0.014000000000000012
1645,1,0.01399999999999979
610,2,0.07947700000000002
1353,2,0.03031600000000001
1365,2,0.08104299999999975
472,2,0.03031700000000004
2144,2,0.0810439999999999
291,1,0.014000000000000012
5,3,0.0412
1804,3,0.08260200000000006
1279,1,0.014000000000000234
1342,1,0.01399999999999979
2497,1,0.014000000000000234
683,1,0.014000000000000012
1729,2,0.03031600000000001
292,2,0.07784400000000002
833,2,0.08104299999999998
637,2,0.08104299999999998
2198,2,0.0810439999999999
848,2,0.030316999999999927
1958,2,0.07947700000000024
1929,2,0.03031700000000015
831,2,0.03031600000000001
1335,3,0.08413799999999982
571,1,0.014000000000000012
2359,2,0.03031700000000015
651,3,0.08388200000000001
1028,2,0.030316999999999927
1141,2,0.08104299999999975
1444,2,0.030316999999999705
1228,2,0.03031700000000015
516,2,0.03031700000000004
1666,2,0.07940999999999976
398,2,0.03031700000000004
871,2,0.0810430000000002
613,2,0.08104299999999998
2279,2,0.08104299999999975
253,3,0.079978
1418,3,0.08240999999999987
1364,3,0.08196199999999987
2275,1,0.01399999999999979
1095,3,0.08305000000000007
1682,2,0.030316999999999705
2323,2,0.0810430000000002
1013,2,0.08104299999999998
2507,1,0.014000000000000234
1909,1,0.01399999999999979
566,2,0.07947700000000002
591,2,0.03031600000000001
2341,3,0.08375399999999944
804,2,0.030316999999999927
177,2,0.07123999999999997
2271,2,0.03031700000000015
696,2,0.030316999999999927
985,1,0.014000000000000012
284,2,0.03031600000000001
1099,2,0.03031600000000001
793,2,0.08104299999999998
1360,2,0.03031700000000015
334,2,0.03031600000000001
1120,3,0.08234600000000003
827,3,0.08413800000000005
2297,3,0.08368999999999982
401,3,0.08240999999999998
1281,3,0.08368999999999982
2406,3,0.047433999999999976
40,2,0.038222000000000006
640,2,0.0810439999999999
1224,2,0.03031700000000015
2367,2,0.08104299999999975
1384,3,0.08272999999999975
400,2,0.07947700000000002
1871,2,0.03031600000000001
616,3,0.08087399999999989
2089,1,0.014000000000000234
872,2,0.030316999999999927
2195,2,0.0810430000000002
410,2,0.081044
2361,2,0.08104299999999975
734,3,0.08215399999999984
1810,2,0.030316999999999705
2009,3,0.0840099999999997
1220,1,0.014000000000000234
1211,2,0.030316999999999705
1861,2,0.03031600000000001
2261,1,0.01399999999999979
1992,1,0.01399999999999979
2047,2,0.03031600000000001
778,3,0.08221800000000012
801,2,0.03031600000000001
1643,2,0.0810430000000002
543,3,0.082986
474,2,0.07941000000000009
902,2,0.03031700000000015
1188,3,0.08170600000000006
273,3,0.08074599999999998
4,1,0.013999999999999999
256,1,0.014000000000000012
676,2,0.03031700000000015
1936,2,0.03031700000000015
150,2,0.03031600000000001
1431,2,0.03031600000000001
897,2,0.08104299999999998
1143,2,0.03031600000000001
2363,1,0.01399999999999979
467,2,0.08104299999999998
176,2,0.03031700000000004
1581,1,0.014000000000000234
1650,1,0.01399999999999979
143,2,0.05669299999999999
649,1,0.014000000000000012
1270,2,0.0810439999999999
1327,1,0.01399999999999979
1084,2,0.07947700000000002
269,2,0.07627700000000004
1758,2,0.0794769999999998
1859,2,0.08104299999999975
2102,3,0.08266600000000013
1377,1,0.01399999999999979
2014,3,0.082538
1133,2,0.030316999999999927
647,2,0.08104299999999998
1026,2,0.07940999999999998
1063,2,0.08104299999999998
331,2,0.030316999999999927
955,2,0.08104299999999998
1913,2,0.0810430000000002
620,2,0.08104400000000012
456,2,0.030316999999999927
1051,3,0.082986
1505,2,0.03031600000000001
1738,1,0.01399999999999979
245,1,0.014000000000000012
884,2,0.0810439999999999
325,1,0.014000000000000012
869,1,0.014000000000000012
1022,3,0.08183399999999996
1716,3,0.08247399999999994
82,3,0.04622399999999999
2374,2,0.08104400000000034
368,2,0.03031700000000004
567,2,0.03031600000000001
2394,1,0.013999999999999346
2196,2,0.03031700000000015
258,3,0.07850599999999996
678,1,0.014000000000000012
1628,3,0.08234599999999981
2404,2,0.03031700000000015
1854,2,0.03031700000000015
1726,2,0.030316999999999705
450,3,0.08100200000000002
2427,1,0.013999999999999346
1817,2,0.03031600000000001
481,2,0.08104299999999998
944,3,0.08209
901,2,0.08104299999999998
1711,3,0.08394600000000008
1187,2,0.03031600000000001
65,2,0.04051299999999999
2514,3,0.0411999999999999
25,1,0.014000000000000012
2262,2,0.07940999999999976
1760,3,0.082538
810,1,0.014000000000000012
257,2,0.0303159999999999
937,1,0.014000000000000012
1100,3,0.08157800000000015
552,2,0.0810439999999999
1939,2,0.03031600000000001
891,2,0.08104299999999998
1582,2,0.0794769999999998
1416,2,0.07947700000000024
2292,3,0.08183399999999974
382,3,0.08164199999999999
607,3,0.08381799999999995
1168,3,0.08093800000000018
866,3,0.08234600000000003
1433,2,0.08104299999999975
1775,2,0.0810430000000002
263,3,0.08036199999999993
669,2,0.03031600000000001
232,3,0.075882
487,1,0.014000000000000012
2513,1,0.014000000000000234
202,2,0.07144299999999998
2178,2,0.0794769999999998
1033,2,0.08104299999999998
1261,3,0.08292199999999994
2075,1,0.014000000000000234
1275,2,0.03031600000000001
1046,3,0.08112999999999992
1229,2,0.0810430000000002
2434,3,0.0411999999999999
1732,2,0.03031700000000015
1860,1,0.014000000000000234
803,2,0.08104299999999998
2278,2,0.030316999999999705
1761,2,0.0810430000000002
1419,2,0.0810430000000002
1193,3,0.08356200000000014
2352,2,0.030316999999999705
153,1,0.014000000000000012
106,2,0.05304000000000003
2391,1,0.013999999999999346
1518,1,0.014000000000000234
47,1,0.013999999999999985
2410,3,0.04343400000000042
2501,1,0.014000000000000234
1398,3,0.08164199999999999
1430,1,0.01399999999999979
953,2,0.03031600000000001
389,1,0.014000000000000012
782,2,0.07940999999999998
1466,3,0.08100200000000024
2008,2,0.0794100000000002
1381,1,0.01399999999999979
1316,2,0.030316999999999705
1950,3,0.08170600000000006
1663,2,0.08104299999999975
584,2,0.030316999999999927
1543,1,0.014000000000000234
1310,3,0.08151399999999986
2182,1,0.014000000000000234
851,3,0.08343400000000001
1114,2,0.07940999999999976
377,3,0.08311400000000002
1641,2,0.030316999999999705
1230,1,0.014000000000000234
1393,3,0.08311399999999969
1595,2,0.0810430000000002
2046,2,0.0794769999999998
1295,2,0.03031600000000001
2175,3,0.08388200000000001
2396,3,0.05943400000000043
517,1,0.014000000000000012
303,3,0.08189800000000003
1041,2,0.03031600000000001
1135,2,0.0810430000000002
1378,3,0.08087400000000011
1926,3,0.08240999999999987
1463,2,0.0810430000000002
1782,1,0.014000000000000234
1012,3,0.08145000000000002
1389,2,0.0810430000000002
813,2,0.08104299999999998
2188,2,0.0810439999999999
608,2,0.030316999999999927
39,1,0.014000000000000012
829,1,0.014000000000000012
2302,3,0.08221799999999968
873,1,0.014000000000000012
439,1,0.014000000000000012
1234,2,0.03031700000000015
1651,2,0.03031600000000001
141,3,0.05764200000000003
328,3,0.08119399999999999
1174,2,0.03031700000000015
685,3,0.08356199999999991
1979,3,0.08285799999999988
977,2,0.03031600000000001
941,1,0.014000000000000012
278,3,0.07927400000000007
689,2,0.03031600000000001
1054,1,0.014000000000000012
1792,2,0.07947700000000024
236,2,0.03031600000000001
2303,2,0.0810430000000002
2116,3,0.08157800000000037
1938,1,0.01399999999999979
532,2,0.07947699999999991
2067,3,0.08298599999999956
2426,3,0.0411999999999999
1372,2,0.0794769999999998
1112,2,0.030316999999999927
1684,1,0.01399999999999979
921,2,0.08104299999999998
1755,3,0.0840099999999997
1055,2,0.03031600000000001
868,2,0.030316999999999927
635,2,0.03031600000000001
2222,2,0.0794769999999998
876,3,0.08272999999999997
815,1,0.014000000000000012
364,2,0.030316999999999927
1320,3,0.0818979999999998
1604,2,0.03031700000000015
1949,2,0.03031600000000001
2204,3,0.08170600000000006
1984,3,0.08138599999999974
708,2,0.08104400000000012
1375,2,0.08104299999999975
1827,2,0.03031600000000001
2093,2,0.08104299999999975
1035,1,0.014000000000000012
2177,1,0.014000000000000234
568,3,0.08228199999999997
477,1,0.014000000000000012
1712,2,0.03031700000000015
49,1,0.014000000000000012
1225,1,0.014000000000000234
83,2,0.03031600000000001
2035,2,0.0810430000000002
531,1,0.014000000000000012
1493,1,0.014000000000000234
54,1,0.013999999999999985
2230,2,0.030316999999999705
90,2,0.030316999999999983
446,3,0.08247400000000005
1311,2,0.08104299999999975
1411,1,0.01399999999999979
86,3,0.042223999999999984
705,2,0.08104299999999998
19,2,0.043117
794,2,0.030316999999999927
1390,2,0.030316999999999705
1863,2,0.08104299999999975
444,2,0.07947700000000002
2095,1,0.014000000000000234
2058,3,0.08260199999999962
174,2,0.071241
1912,2,0.03031700000000015
763,3,0.08330599999999988
2282,3,0.0814499999999998
144,2,0.061587999999999976
260,2,0.030316999999999927
1472,2,0.03031700000000015
433,1,0.014000000000000012
322,2,0.07940999999999998
247,2,0.03031700000000004
1048,2,0.03031700000000015
1672,3,0.08240999999999987
1977,1,0.01399999999999979
2048,3,0.08221799999999968
2241,1,0.01399999999999979
2296,2,0.0794100000000002
742,2,0.07947700000000002
1522,2,0.03031700000000015
721,2,0.08104299999999998
1774,3,0.08145000000000024
2470,3,0.0411999999999999
1727,2,0.0810430000000002
2022,2,0.0810439999999999
1079,1,0.014000000000000012
1870,1,0.014000000000000234
521,1,0.014000000000000012
1031,2,0.03031600000000001
722,1,0.014000000000000012
148,2,0.06641400000000003
179,2,0.030315999999999954
730,2,0.030316999999999927
1640,1,0.01399999999999979
1838,3,0.08228200000000019
1010,1,0.014000000000000012
213,2,0.03031600000000001
188,2,0.03031600000000001
1901,3,0.08311400000000013
30,2,0.03031600000000001
1816,1,0.014000000000000234
976,1,0.014000000000000012
1821,1,0.014000000000000234
819,1,0.014000000000000012
1178,3,0.08132200000000012
1440,1,0.01399999999999979
1561,2,0.08104299999999975
306,2,0.077843
163,1,0.014000000000000012
1902,2,0.03031700000000015
424,1,0.013999999999999901
1374,3,0.08234599999999981
1566,2,0.030316999999999705
2174,2,0.0794100000000002
1016,2,0.08104400000000012
1930,3,0.08093800000000018
887,2,0.08104299999999998
1960,3,0.08209
1002,3,0.08106600000000008
1708,2,0.030316999999999705
162,2,0.07124000000000003
1730,3,0.08138599999999974
339,2,0.07947700000000002
594,2,0.03031700000000015
376,2,0.07940999999999998
2511,1,0.014000000000000234
2016,1,0.01399999999999979
1414,2,0.03031700000000015
1579,3,0.08375399999999988
1207,2,0.03031600000000001
936,2,0.03031700000000015
1288,2,0.03031700000000015
1289,1,0.014000000000000234
2090,2,0.07947700000000024
114,3,0.05981799999999998
579,2,0.08104299999999998
211,2,0.07151200000000002
2395,2,0.03031700000000015
2467,1,0.014000000000000234
1380,2,0.030316999999999705
1176,1,0.014000000000000234
1619,2,0.08104299999999975
585,1,0.014000000000000012
904,2,0.07940999999999998
1564,3,0.08151399999999986
699,2,0.03031600000000001
208,2,0.07151099999999994
659,2,0.030316999999999927
2339,1,0.01399999999999979
409,1,0.014000000000000012
1874,2,0.030316999999999705
1269,1,0.014000000000000234
1239,1,0.014000000000000234
601,2,0.03031600000000001
2113,2,0.08104299999999975
1282,2,0.03031700000000015
488,2,0.07947700000000002
1169,2,0.08104299999999975
2466,3,0.0411999999999999
1791,1,0.014000000000000234
1475,2,0.03031600000000001
1251,2,0.03031600000000001
233,2,0.030316999999999983
1830,2,0.03031700000000015
2256,2,0.07947700000000024
1969,2,0.03031600000000001
2260,2,0.03031700000000015
1240,2,0.07947700000000024
53,2,0.030315999999999982
1772,1,0.014000000000000234
1563,2,0.03031600000000001
997,2,0.03031600000000001
1923,1,0.01399999999999979
1611,1,0.01399999999999979
1126,2,0.030316999999999927
2344,2,0.07947699999999935
1706,3,0.08209
2444,3,0.0411999999999999
1097,2,0.08104299999999998
2147,2,0.0810430000000002
2258,3,0.08215400000000006
781,1,0.014000000000000012
1020,1,0.014000000000000012
1231,2,0.03031600000000001
1205,1,0.014000000000000234
1160,2,0.03031700000000015
1867,3,0.08343400000000001
182,2,0.030316999999999983
272,2,0.07621
1653,2,0.0810430000000002
1212,3,0.08100200000000024
1300,3,0.08112999999999992
2376,2,0.03031700000000015
1262,2,0.03031700000000015
147,2,0.06152000000000002
802,3,0.08151400000000009
135,2,0.030315999999999954
1092,2,0.030316999999999927
653,1,0.014000000000000012
513,2,0.03031600000000001
2468,3,0.0411999999999999
964,2,0.030316999999999927
1519,2,0.03031600000000001
888,1,0.014000000000000012
828,2,0.030316999999999927
160,3,0.06986599999999998
313,3,0.08228199999999997
717,1,0.014000000000000012
8,1,0.013999999999999999
282,3,0.07780200000000004
2519,1,0.014000000000000234
1119,2,0.03031600000000001
2214,3,0.08209
191,3,0.07434599999999997
2291,2,0.03031600000000001
808,2,0.030316999999999927
121,2,0.07261700000000004
1571,2,0.08104299999999975
771,1,0.01399999999999979
720,2,0.030316999999999927
252,2,0.07621
956,1,0.014000000000000012
1786,2,0.03031700000000015
823,2,0.0810430000000002
2471,1,0.014000000000000234
1351,2,0.0810430000000002
1345,2,0.0810430000000002
919,3,0.08279399999999981
834,1,0.014000000000000012
617,2,0.08104299999999998
917,1,0.01399999999999979
2127,2,0.0810430000000002
246,2,0.07511800000000002
1780,2,0.03031700000000015
877,2,0.08104299999999998
92,2,0.03031600000000001
856,3,0.08196200000000009
59,3,0.04119999999999999
2026,1,0.01399999999999979
1735,3,0.08324199999999982
510,2,0.03031700000000004
436,3,0.08209
1032,3,0.0822179999999999
2005,2,0.0810430000000002
1322,2,0.030316999999999705
119,2,0.07261699999999999
56,3,0.04119999999999999
2475,1,0.014000000000000234
